<?xml version="1.0" encoding="UTF-8" ?>


<PARAMETER_DEFINITION>


	<FILTER_TAG_NAME>
		<TAG_INFO CODE="0"	NAME="X00000 - X00007"	INTERLOCK="00000000">	</TAG_INFO>	
		<TAG_INFO CODE="1"	NAME="X00008 - X0000F"	INTERLOCK="00000000">	</TAG_INFO>	
	</FILTER_TAG_NAME>

	<FILTER_OPTIONS>
		<TAG_INFO CODE="0"	NAME="0 msec"	INTERLOCK="00000000">	</TAG_INFO>	
		<TAG_INFO CODE="1"	NAME="1 msec"	INTERLOCK="00000000">	</TAG_INFO>	
		<TAG_INFO CODE="2"	NAME="2 msec"	INTERLOCK="00000000">	</TAG_INFO>	
		<TAG_INFO CODE="3"	NAME="3 msec"	INTERLOCK="00000000">	</TAG_INFO>	
		<TAG_INFO CODE="4"	NAME="4 msec"	INTERLOCK="00000000">	</TAG_INFO>	
		<TAG_INFO CODE="5"	NAME="5 msec"	INTERLOCK="00000000">	</TAG_INFO>							
		<TAG_INFO CODE="6"	NAME="6 msec"	INTERLOCK="00000000">	</TAG_INFO>	
		<TAG_INFO CODE="7"	NAME="7 msec"	INTERLOCK="00000000">	</TAG_INFO>	
		<TAG_INFO CODE="8"	NAME="8 msec"	INTERLOCK="00000000">	</TAG_INFO>	
		<TAG_INFO CODE="9"	NAME="9 msec"	INTERLOCK="00000000">	</TAG_INFO>							
		<TAG_INFO CODE="A"	NAME="10 msec"	INTERLOCK="00000000">	</TAG_INFO>	
		<TAG_INFO CODE="B"	NAME="15 msec"	INTERLOCK="00000000">	</TAG_INFO>	
		<TAG_INFO CODE="C"	NAME="20 msec"	INTERLOCK="00000000">	</TAG_INFO>	
	</FILTER_OPTIONS>

	<INTERRUPT_TAG_NAME>
		<TAG_INFO CODE="0"	NAME="EINT0  (X00000)  -  EINT1  (X00001)"	INTERLOCK="00000000">	</TAG_INFO>	
		<TAG_INFO CODE="1"	NAME="EINT2  (X00002)  -  EINT3  (X00003)"	INTERLOCK="00000000">	</TAG_INFO>	
		<TAG_INFO CODE="2"	NAME="EINT4  (X00004)  -  EINT5  (X00005)"	INTERLOCK="00000000">	</TAG_INFO>	
		<TAG_INFO CODE="3"	NAME="EINT6  (X00006)  -  EINT7  (X00007)"	INTERLOCK="00000000">	</TAG_INFO>	
		<TAG_INFO CODE="4"	NAME="EINT8  (X00008)  -  EINT9  (X00009)"	INTERLOCK="00000000">	</TAG_INFO>	
		<TAG_INFO CODE="5"	NAME="EINT10 (X0000A)  -  EINT11 (X0000B)"	INTERLOCK="00000000">	</TAG_INFO>	
		<TAG_INFO CODE="6"	NAME="EINT12 (X0000C)  -  EINT13 (X0000D)"	INTERLOCK="00000000">	</TAG_INFO>	
		<TAG_INFO CODE="7"	NAME="EINT14 (X0000E)  -  EINT15 (X0000F)"	INTERLOCK="00000000">	</TAG_INFO>	
	</INTERRUPT_TAG_NAME>

	<INTERRUPT_OPTIONS>
		<TAG_INFO CODE="0"	NAME="No Int."		INTERLOCK="00000000">	</TAG_INFO>	
		<TAG_INFO CODE="1"	NAME="Rising"		INTERLOCK="00000000">	</TAG_INFO>	
		<TAG_INFO CODE="2"	NAME="Falling"			INTERLOCK="00000000">	</TAG_INFO>
	</INTERRUPT_OPTIONS>



	<MATRIX_INREG>
		<TAG_INFO CODE="0"	NAME="return : X00000 -> X00003"	INTERLOCK="00000000">	</TAG_INFO>	
		<TAG_INFO CODE="1"	NAME="return : X00008 -> X0000B"	INTERLOCK="00000000">	</TAG_INFO>	
	</MATRIX_INREG>

	<MATRIX_OUTREG>
		<TAG_INFO CODE="0"	NAME="COM : Y00000 -> Y00003"	INTERLOCK="00000003">	</TAG_INFO>	
		<TAG_INFO CODE="1"	NAME="COM : Y00008 -> Y0000B"	INTERLOCK="0008000B">	</TAG_INFO>	
	</MATRIX_OUTREG>


	<SEVENSEG_OUTCOM>
		<TAG_INFO CODE="0"	NAME="Y00000 - Y00003"	INTERLOCK="00000003">	</TAG_INFO>	
		<TAG_INFO CODE="1"	NAME="Y00008 - Y0000B"	INTERLOCK="0008000B">	</TAG_INFO>	
	</SEVENSEG_OUTCOM>

	<SEVENSEG_OUTSEG>
		<TAG_INFO CODE="0"	NAME="Y00000 -> Y00007"	INTERLOCK="00000007">	</TAG_INFO>	
		<TAG_INFO CODE="1"	NAME="Y00008 -> Y0000F"	INTERLOCK="0008000F">	</TAG_INFO>			
	</SEVENSEG_OUTSEG>



	<SIO_OUTREG>
		<TAG_INFO CODE="0"	NAME="Y00004 - Y00006"	INTERLOCK="00040006">	</TAG_INFO>	
		<TAG_INFO CODE="1"	NAME="Y0000C - Y0000E"	INTERLOCK="000C000E">	</TAG_INFO>	
	</SIO_OUTREG>

	<SIO_DATABIT>
		<TAG_INFO CODE="4"	NAME="4"	INTERLOCK="00000000">	</TAG_INFO>	
		<TAG_INFO CODE="5"	NAME="5"	INTERLOCK="00000000">	</TAG_INFO>	
		<TAG_INFO CODE="6"	NAME="6"	INTERLOCK="00000000">	</TAG_INFO>	
		<TAG_INFO CODE="7"	NAME="7"	INTERLOCK="00000000">	</TAG_INFO>	
	</SIO_DATABIT>

	<SIO_DATACOUNT>
		<TAG_INFO CODE="1"	NAME="1"	INTERLOCK="00000000">	</TAG_INFO>	
		<TAG_INFO CODE="2"	NAME="2"	INTERLOCK="00000000">	</TAG_INFO>	
		<TAG_INFO CODE="3"	NAME="3"	INTERLOCK="00000000">	</TAG_INFO>	
		<TAG_INFO CODE="4"	NAME="4"	INTERLOCK="00000000">	</TAG_INFO>	
		<TAG_INFO CODE="5"	NAME="5"	INTERLOCK="00000000">	</TAG_INFO>	
		<TAG_INFO CODE="6"	NAME="6"	INTERLOCK="00000000">	</TAG_INFO>	
		<TAG_INFO CODE="7"	NAME="7"	INTERLOCK="00000000">	</TAG_INFO>	
		<TAG_INFO CODE="8"	NAME="8"	INTERLOCK="00000000">	</TAG_INFO>			
	</SIO_DATACOUNT>


	<PULSE_OUTREG>
		<TAG_INFO CODE="0"	NAME="Y00004 - Y00007"	INTERLOCK="000000F0">	</TAG_INFO>	
		<TAG_INFO CODE="1"	NAME="Y0000C - Y0000F"	INTERLOCK="0000F000">	</TAG_INFO>	
	</PULSE_OUTREG>


	<ENCODER_INREG>
		<TAG_INFO CODE="0"	NAME="X00004 - X00006"	INTERLOCK="00000000">	</TAG_INFO>	
		<TAG_INFO CODE="1"	NAME="X0000C - X0000E"	INTERLOCK="00000000">	</TAG_INFO>	
	</ENCODER_INREG>

	<ENCODER_OUTREG>
		<TAG_INFO CODE="0"	NAME="Y00003"	INTERLOCK="00000008">	</TAG_INFO>	
		<TAG_INFO CODE="1"	NAME="Y0000B"	INTERLOCK="00000800">	</TAG_INFO>	
	</ENCODER_OUTREG>


	<COUNTER_INREG>
		<TAG_INFO CODE="0"	NAME="X00007"	INTERLOCK="00000000">	</TAG_INFO>	
		<TAG_INFO CODE="1"	NAME="X0000F"	INTERLOCK="00000000">	</TAG_INFO>	
	</COUNTER_INREG>


	<PATTERN_OUTREG>
		<TAG_INFO CODE="0"	NAME="Y00004 - Y00007"	INTERLOCK="000000F0">	</TAG_INFO>	
		<TAG_INFO CODE="1"	NAME="Y0000C - Y0000F"	INTERLOCK="0000F000">	</TAG_INFO>	
	</PATTERN_OUTREG>

</PARAMETER_DEFINITION>
