<?xml version="1.0" encoding="UTF-8" ?>

<SPECIAL_DEVICE_LIST>

	<SPECIAL_DEVICE_ENTITY>
		<KINDINFO bitid="1B" addr="0" varname="FV_0000" comment="RunMode"></KINDINFO>
		<KINDINFO bitid="1B" addr="1" varname="FV_0001" comment="StopMode"></KINDINFO>
		<KINDINFO bitid="1B" addr="2" varname="FV_0002" comment="PauseMode"></KINDINFO>
		<KINDINFO bitid="1B" addr="3" varname="FV_0003" comment="DebugMode"></KINDINFO>
		<KINDINFO bitid="1B" addr="16" varname="FV_0010" comment="AlwaysOn"></KINDINFO>
		<KINDINFO bitid="1B" addr="17" varname="FV_0011" comment="AlwaysOff"></KINDINFO>
		<KINDINFO bitid="1B" addr="18" varname="FV_0012" comment="1ScanOn"></KINDINFO>
		<KINDINFO bitid="1B" addr="19" varname="FV_0013" comment="1ScanOff"></KINDINFO>
		<KINDINFO bitid="1B" addr="20" varname="FV_0014" comment="ScanPulse"></KINDINFO>
		<KINDINFO bitid="1B" addr="21" varname="FV_0015" comment="TimeSyncPulse"></KINDINFO>
		<KINDINFO bitid="1B" addr="32" varname="FV_0020" comment="RunningByForcedInputs"></KINDINFO>
		<KINDINFO bitid="1B" addr="33" varname="FV_0021" comment="ForcedOutputRunning"></KINDINFO>
		<KINDINFO bitid="1B" addr="36" varname="FV_0024" comment="RunInFixScanTimeMode"></KINDINFO>
		<KINDINFO bitid="1B" addr="37" varname="FV_0025" comment="OutputDuringDebugging"></KINDINFO>
		<KINDINFO bitid="1B" addr="44" varname="FV_002C" comment="AbnomalBackupBattery(Now)"></KINDINFO>
		<KINDINFO bitid="1B" addr="45" varname="FV_002D" comment="AbnomalBackupBattery(Persistence)"></KINDINFO>
		<KINDINFO bitid="1B" addr="48" varname="FV_0030" comment="Error Occurrence"></KINDINFO>
		<KINDINFO bitid="1B" addr="52" varname="FV_0034" comment="Error of PLC program"></KINDINFO>
		<KINDINFO bitid="1B" addr="53" varname="FV_0035" comment="FixScanTime Operation Error"></KINDINFO>
		<KINDINFO bitid="1B" addr="54" varname="FV_0036" comment="Error of TimeSet"></KINDINFO>
		<KINDINFO bitid="1B" addr="56" varname="FV_0038" comment="Communication Error"></KINDINFO>
		<KINDINFO bitid="1B" addr="57" varname="FV_0039" comment="I/O Setting Error"></KINDINFO>
		<KINDINFO bitid="1B" addr="58" varname="FV_003A" comment="WDT Error"></KINDINFO>
		<KINDINFO bitid="1B" addr="84" varname="FV_0054" comment="10ms Clock"></KINDINFO>
		<KINDINFO bitid="1B" addr="85" varname="FV_0055" comment="20ms Clock"></KINDINFO>
		<KINDINFO bitid="1B" addr="86" varname="FV_0056" comment="50ms Clock"></KINDINFO>
		<KINDINFO bitid="1B" addr="87" varname="FV_0057" comment="100ms Clock"></KINDINFO>
		<KINDINFO bitid="1B" addr="88" varname="FV_0058" comment="200ms Clock"></KINDINFO>
		<KINDINFO bitid="1B" addr="89" varname="FV_0059" comment="500ms Clock"></KINDINFO>
		<KINDINFO bitid="1B" addr="90" varname="FV_005A" comment="1s Clock"></KINDINFO>
		<KINDINFO bitid="1B" addr="91" varname="FV_005B" comment="2s Clock"></KINDINFO>
		<KINDINFO bitid="1B" addr="92" varname="FV_005C" comment="5s Clock"></KINDINFO>
		<KINDINFO bitid="1B" addr="93" varname="FV_005D" comment="10s Clock"></KINDINFO>
		<KINDINFO bitid="1B" addr="94" varname="FV_005E" comment="60s Clock"></KINDINFO>
		<KINDINFO bitid="1B" addr="96" varname="FV_0060" comment="Zero Flag"></KINDINFO>
		<KINDINFO bitid="1B" addr="97" varname="FV_0061" comment="Carry Flag"></KINDINFO>
		<KINDINFO bitid="1B" addr="98" varname="FV_0062" comment="BORROW Flag"></KINDINFO>
		<KINDINFO bitid="1B" addr="104" varname="FV_0068" comment="OperationError(Now)"></KINDINFO>
		<KINDINFO bitid="1B" addr="105" varname="FV_0069" comment="OperationError(Persistence)"></KINDINFO>
		<KINDINFO bitid="1B" addr="112" varname="FV_0070" comment="No Output before ScanTime Over"></KINDINFO>
		<KINDINFO bitid="1B" addr="113" varname="FV_0071" comment="No Output Reset"></KINDINFO>
		<KINDINFO bitid="1B" addr="116" varname="FV_0074" comment="Start to run in FixScanTime"></KINDINFO>
		<KINDINFO bitid="1B" addr="117" varname="FV_0075" comment="FixScanTime Interrupt set flag"></KINDINFO>
		<KINDINFO bitid="1B" addr="117" varname="FV_0075" comment="FixScanTime changed flag"></KINDINFO>
		<KINDINFO bitid="1B" addr="118" varname="FV_0076" comment="realtime output on debugging"></KINDINFO>
		<KINDINFO bitid="1B" addr="118" varname="FV_0076" comment="FixScanTime Change flag"></KINDINFO>
		<KINDINFO bitid="1B" addr="119" varname="FV_0077" comment="Keep Ouputs On Stop Mode"></KINDINFO>
		<KINDINFO bitid="1B" addr="120" varname="FV_0078" comment="Extension Moudue function Operation Flag"></KINDINFO>
		<KINDINFO bitid="1B" addr="121" varname="FV_0079" comment="Defalt Filter Setting flag"></KINDINFO>
		<KINDINFO bitid="1B" addr="122" varname="FV_007A" comment="Default Filter Change flag"></KINDINFO>
		<KINDINFO bitid="1B" addr="128" varname="FV_0080" comment="Time Set"></KINDINFO>
		<KINDINFO bitid="1B" addr="129" varname="FV_0081" comment="Time Set +/- 30sec adjusted"></KINDINFO>		
	</SPECIAL_DEVICE_ENTITY>

</SPECIAL_DEVICE_LIST>
