<?xml version="1.0" encoding="UTF-8" ?>

<CHANGE_GLP_PLC>

	<SERIES>
		<SERIESINFO series="82">LP-S SERIES</SERIESINFO> 
	</SERIES>

	<TYPE>
		<TYPEINFO name="LP-S044(S1D0)" series="82" index="01"></TYPEINFO>
		<TYPEINFO name="LP-S044(S1D1)" series="82" index="02"></TYPEINFO>
    <TYPEINFO name="LP-S044(S1D0_V2)" series="82" index="03"></TYPEINFO>
    <TYPEINFO name="LP-S044(S1D1_V2)" series="82" index="04"></TYPEINFO>
		<TYPEINFO name="LP-S070(T9D6)" series="82" index="41"></TYPEINFO>
		<TYPEINFO name="LP-S070(T9D7)" series="82" index="42"></TYPEINFO>
		<TYPEINFO name="LP-S070(T9D6_V2)" series="82" index="43"></TYPEINFO>
		<TYPEINFO name="LP-S070(T9D7_V2)" series="82" index="44"></TYPEINFO>
	</TYPE>
	
	<SERIES>
		<SERIESINFO series="8A">LP-A SERIES</SERIESINFO> 
	</SERIES>

	<TYPE>
		<TYPEINFO name="LP-A070(T9D6)" series="8A" index="41"></TYPEINFO>
		<TYPEINFO name="LP-A070(T9D7)" series="8A" index="42"></TYPEINFO>		
		<TYPEINFO name="LP-A104(T9D8)" series="8A" index="61"></TYPEINFO>
		<TYPEINFO name="LP-A104(T9D9)" series="8A" index="62"></TYPEINFO>	
		

	</TYPE>

</CHANGE_GLP_PLC>