<?xml version="1.0" encoding="UTF-8"?>
<MESSAGE>


	<STRING ID="100">SmartStudio</STRING>
	<STRING ID="101">OK</STRING>
	<STRING ID="102">Cancel</STRING>


	<STRING ID="1000">It is unable to read the binary files of application instructions.</STRING>
	<STRING ID="1001">It is unable to save the binary files of application instructions.</STRING>
	<STRING id="1002">The SIZE_OF_COMMAND_BIN_RECORD is incorrect.</STRING>

	<STRING ID="1010">It is unable to read the binary files of application instructions.</STRING>
	<STRING ID="1011">It is unable to save the binary files of application instructions.</STRING>

	<STRING ID="1020">The operand was input by mistake.</STRING>
	<STRING ID="1021">It is out of constant value range.</STRING>
	<STRING ID="1022">The label name should have input within 3-16 letters.</STRING>

	<STRING ID="1030">The system can not identify the numbers of step.</STRING>


	<STRING ID="2000">The system can not open the communication port.</STRING>
	<STRING ID="2001">The system can not open the USB communication port.</STRING>
	<STRING ID="2002">The system can not open the ethernet communication port.</STRING>

	<STRING ID="2010">The program area is inconsistent.</STRING>
	<STRING ID="2011">The parameter range is inconsistent.</STRING>
	<STRING ID="2012">The line comment range is inconsistant.</STRING>
	<STRING ID="2013">The rung commnet range is inconsistent.</STRING>
	<STRING ID="2014">The variable name range you inserted is inconsistent.</STRING>
	<STRING ID="2015">The label range is inconsistent.</STRING>
	<STRING ID="2016">The system has successfully verified the program consistency.</STRING>
	<STRING ID="2017">The system has failed to verify the program consistency.</STRING>
	<STRING ID="2018">The communication error occurred during the upload.\nDo you want to continue this work?</STRING>
	<STRING ID="2019">There is no response from PLC during the upload.\nDo you want to continue this work?</STRING>
	<STRING ID="2020">The upload has been cancelled.</STRING>
	<STRING ID="2021">There is no response from the main device. The uploading has been canceled.</STRING>

	<STRING ID="2040">The transmission error has occurred while communicating.\nDo you want to continue this work?</STRING>
	<STRING ID="2041">There is no response from PLC while communicating\nDo you want to continue this work?</STRING>

	<STRING ID="2050">The download(PC->PLC) is currently proceeding.</STRING>
	<STRING ID="2051">The download is currently proceeding.</STRING>
	<STRING ID="2052">The upload(PLC ->PC) is proceeding.</STRING>
	<STRING ID="2053">The upload is proceeding.</STRING>
	<STRING ID="2054">The download has been completed.</STRING>
	<STRING ID="2055">The upload has been completed.</STRING>
	<STRING ID="2056">The download has been disconnected due to a communication error.</STRING>
	<STRING ID="2057">The upload has been disconnected due to a communication error.</STRING>
	<STRING ID="2058">The transmission error has occurred while communicating.\nDo you want to continue this work?</STRING>
	<STRING ID="2059">There is no response from PLC while communicating\nDo you want to continue this work?</STRING>
	<STRING ID="2060">The download has been cancelled.</STRING>
	<STRING ID="2061">The upload has been cancelled.</STRING>

	<!-- // GLPUpDownDialog -->
	<STRING ID="2070">Upload from PLC(UPLOAD)</STRING>
	<STRING ID="2071">Download to PLC(DOWNLOAD)</STRING>
	<STRING ID="2072">You have not selected options.</STRING>
	<STRING ID="2073">The program setp is incorrect.</STRING>
	<STRING ID="2074">The program setp is incorrect.</STRING>


	<!-- // GLPBreakSetDevice -->
	<STRING ID="4000">Please input a device name.</STRING>
	<STRING ID="4001">You are able to register a device from one to thirty-two consecutively.</STRING>
	<STRING ID="4002">This device name is unable to use.</STRING>

	<!-- // GLPChangeBitValueDialog -->
	<STRING ID="4010">Please confirm a device name.</STRING>

	<!-- // GLPChangeValueDialog -->
	<STRING ID="4020">It applies only to '0' or '1' when you change bit value.</STRING>
	<STRING ID="4021">Please confirm a device name.</STRING>
	
	<!-- // GLPDeviceSelection -->
	<STRING ID="4030">The device has not been input.</STRING> 
	<STRING ID="4031">You are unable to register because the number has been set in 'O'.</STRING>
	<STRING ID="4032">It is a device it will not be able to use.</STRING>

	<!-- // GLPEffectIODeviceDialog -->
	<STRING ID="4040">Please confirm a device name.</STRING>
	<STRING ID="4041">You have exceeded the range of permitted registeration numbers.</STRING>
	<STRING ID="4042">You are only able to register input and output devices.</STRING>

	<!-- // GLPEffectIOSetupDialog -->
	<STRING ID="4050">You are not able to additionally register any more.</STRING>
	<STRING ID="4051"> You have already registered this device..</STRING>
	<STRING ID="4052">The foreced I/O set in current has been applied.</STRING>

	<!-- // GLPBitRunDialog -->
	<STRING ID="4060">You are able to set maximum 32. You are unable to add any more.</STRING>
	<STRING ID="4061">You are able to set up to 32 of break points.</STRING>
	<STRING ID="4062">Do you want to delete all of the setting values?</STRING>

	<!-- // GLPRunScanDialog -->
	<STRING ID="4070">Please confirm the times of scan.</STRING>

	<!-- // GLPRunStepDialog -->
	<STRING ID="4080">Please check the location of end step.</STRING>

	<!-- // GLPRunWordDialog -->
	<STRING ID="4090">You are able to set maximum 32. You are unable to add any more.</STRING>
	<STRING ID="4091">You are able to set up to 32 of break points.</STRING>
	<STRING ID="4092">Do you want to delete all of the setting values?</STRING>

	<!-- // GLPTimeChartDevice -->
	<STRING ID="4100">You are not able to add any more.</STRING>
	<STRING ID="4101">You are able to register maximum 8 of time chart monitoring devices.</STRING>

	<!-- // GLPTriggerDialog -->
	<STRING ID="4110">Rising trigger</STRING>
	<STRING ID="4111">Falling trigger</STRING>
	<STRING ID="4112">NOT Instruction trigger</STRING>
	<STRING ID="4113">Please select the trigger options.</STRING>
	<STRING ID="4114">The device has not been input.</STRING>
	<STRING ID="4115">This device is not registered in monitoring.</STRING>

	<!-- // GLPTriggerRunDialog	 -->
	<STRING ID="4120">Rising trigger</STRING>
	<STRING ID="4121">Falling trigger</STRING>
	<STRING ID="4122">NOT Instruction trigger</STRING>
	<STRING ID="4123">Rising trigger has occurred.</STRING>
	<STRING ID="4124">Falling trigger has occurred.</STRING>
	<STRING ID="4125">NOT Instruction trigger has occured.</STRING>
	<STRING ID="4126"> Do you want to change the preset value of device(%d ->%d)?</STRING>

	<!-- // GLPPasswordDialog -->
	<STRING ID="5000">The PLC password  has not been verified.</STRING>
	<STRING ID="5001">The password you input is inconsistent with current password of PLC.</STRING>
	<STRING ID="5001">The password you input is inconsistent with current password of PLC.</STRING>
	<STRING ID="5002">The new password you entered is incorrect. Please verify your new password.</STRING>
	<STRING ID="5003">The password has been set.</STRING>
	<STRING ID="5004">The password has not been set.</STRING>
	<STRING ID="5005">The password has been deleted.</STRING>

	<!-- // GLPPLCCompareDialog -->
	<STRING ID="5010">Please insert the correct step number to compare.</STRING>

	<!-- // GLPPLCDataDeleteDialog -->
	<STRING ID="5020">The selected range has been deleted.</STRING>

	<!-- // GLPPLCProgParamDeleteDialog -->
	<STRING ID="5030">The selected range has been deleted.</STRING>


	<!-- // CGLPFileDialog -->
	<STRING ID="6000">There is not a possibility of reading a project file.</STRING>
	<STRING ID="6001">It is a project file which is not interchanged from this program.</STRING>
	<STRING ID="6002">It will be worked in high position version and it will not be able to work with this program.</STRING>
	<STRING ID="6003">You have already %s file. Do you want to overwrite this?</STRING>
	<STRING ID="6004">An error(File Exception) has occurred while saving files.</STRING>
	<STRING ID="6005">An error(File Exception) has occurred while reading the file.</STRING>

	<!-- // GLPProjectInfoDlg -->
	<STRING ID="6010">%04d/%02d/%02d</STRING>
	<STRING ID="6011">The LP(PLC) preferece information file has not been found.</STRING>

	<!-- // GLPSeriesType -->
	<STRING ID="6020">Error in creating XML CLASS</STRING>
	<STRING ID="6021">Error in Reading XML/GLPLIST.XML file</STRING>
	<STRING ID="6022">XML FILE EMPTY</STRING>

	<!-- // GLPXMLDeviceInfo -->
	<STRING ID="6030">Error in creating XML CLASS</STRING>
	<STRING ID="6031">Error in Reading XML/GLPLIST.XML file</STRING>
	<STRING ID="6032">XML FILE EMPTY</STRING>

	<!-- ============================================================================ -->
	<!-- PARAMETER (GLPSmartPlcParamForm.dll) 8000-8999                               -->
	<!-- ============================================================================ -->

	<STRING ID="8000">The device setting has not been correctly.</STRING>
	<STRING ID="8001">The paramerer preference file has not been set correctly.</STRING>
	<STRING ID="8002">You don't select the PLC slot information to be copied.</STRING>
	<STRING ID="8003">The user defined slot to be copied is not selected.</STRING>
	<STRING ID="8004">The system already has information about the slot to be copied. Do you want to copy it?</STRING>
		<STRING ID="8005">The copy has been completed.</STRING>
	<STRING ID="8006">The output port of Matrix and  that of 7-segment(COM) has been overlapped. Please set another port.</STRING>
	<STRING ID="8007">The output port of Matrix and that of 7-segment(COM) has been overlapped. Please set another port.</STRING>
	
	<!-- // Motion (Lexical) -->		
	<STRING ID="8200"></STRING>
	
	<!-- // Motion (Syntax) -->		
	
	


	<!-- ============================================================================ -->
	<!-- STUDIO (GLPSmartStudio.dll) 9000-9999                                        -->
	<!-- ============================================================================ -->

	<!-- // ChildFrmMonitoring -->
	<STRING ID="9000">This device is unable to use.</STRING>
	<STRING ID="9001">This device range is unable to use.</STRING>

	<!-- // GLPDocEntityExRead -->
	<STRING ID="9010">The system can not open the project file.</STRING>
	<STRING ID="9011">An error(File Exception) has occurred while saving files.</STRING>
	<STRING ID="9012">A critical error has occured in creating Device Container.</STRING>

	<!-- // GLPDocEntityExWrite -->
	<STRING ID="9020">The system can not open the project file.</STRING>
	<STRING ID="9021">An error(File Exception) has occurred while saving files.</STRING>

	<!-- // GLPDocManager -->
	<STRING ID="9030">You are unable to delete the memory while closing a project.</STRING>
		<STRING ID="9031">Do you want to save %s ?</STRING>
	<STRING ID="9032">New Project</STRING>
	<STRING ID="9033">New Project%d</STRING>

	<!-- // GLPFlatTabbedViewView -->
	<STRING ID="9040">Ladder</STRING>
	<STRING ID="9041">Mnemonic</STRING>

	<!-- // GLPProjectExplorer -->
	<STRING ID="9050">Project Explorer</STRING>
	<STRING ID="9051">Program</STRING>
	<STRING ID="9052">Parameter</STRING>
	<STRING ID="9053">Variable/Comment</STRING>
	<STRING ID="9054">Monitoring</STRING>
	<STRING ID="9055">New Project</STRING>
	<STRING ID="9056">You are currently working in the same name of file. You are unable to load.</STRING>

	<!-- // GLPSmartStudio -->
	<STRING ID="9070">Do you want to exit this program?</STRING>
	<STRING ID="9071">The system can not find selected file.</STRING>
	<STRING ID="9072">Do you want to save %s project?</STRING>

	<!-- // GLPSmartStudioMonitorView -->
	<STRING ID="9080">Device</STRING>
	<STRING ID="9081">Variable</STRING>
	<STRING ID="9082">Preset Value</STRING>
	<STRING ID="9083">Setting Value</STRING>
	<STRING ID="9084">Comment</STRING>

	<!-- // GLPSmartStudioVariableView -->
	<STRING ID="9090">Device</STRING>
	<STRING ID="9091">Variable</STRING>
	<STRING ID="9092">Comment</STRING>

	<!-- // GLPVarDescDialog -->
	<STRING ID="9100">Please input a device name.</STRING>
	<STRING ID="9101">Please insert variable name or comment.</STRING>
	<STRING ID="9102">This device is unable to register.</STRING>
	<STRING ID="9103">You are already using this variable name.</STRING>
	<STRING ID="9104">You should insert any of alphabets in the first letter of variable name.</STRING>

	<!-- // MainFrm -->
	<STRING ID="9110">INS</STRING>
	<STRING ID="9111">OVR</STRING>

	<!-- // MainFrmEx -->
	<STRING ID="9120">You are not able to add a new project.</STRING>
	<STRING ID="9121">The system can not  open a  project.</STRING>
	<STRING ID="9122">It is connected to the main device.</STRING>
	<STRING ID="9123">The system has disconnected the communication due to a communication error.</STRING>
	<STRING ID="9124">The communication was disconnected.</STRING>

	<!-- // MainFrmEx2 -->
	<STRING ID="9130">Program(%s)</STRING>
	<STRING ID="9131">Parameter(%s)</STRING>
	<STRING ID="9132">Variable/Comment</STRING>
	<STRING ID="9133">Monitoring(%s)</STRING>

	<STRING ID="9140">The password you input is not correct.</STRING>
	<STRING ID="9141">You have already %s file. Do you want to overwrite this?</STRING>
	<STRING ID="9142">Do you want to save %s project?</STRING>
	<STRING ID="9143">The system can not initialize the parameter.</STRING>
	<STRING ID="9144">This program has not been written in this editor program.</STRING>
	<STRING ID="9145">The parameter dll file doesn't exist.</STRING>
	<STRING ID="9146">The parameter settings is incorrect.</STRING>
	<STRING ID="9147">You are currently working in the same name of file. You are unable to load.</STRING>
	<STRING ID="9148">It has been sucessfully optimized.</STRING>
	<STRING ID="9149">You are able to create up to 5 projects. You are unable to add any more.</STRING>
	<STRING ID="9150">It  is added one project when you change the PLC type. But, you are able to use up to 5 projects at the same time.\nPlease close more than one project and execute it.</STRING>
	<STRING ID="9151">There is no activated project.</STRING>
	<STRING ID="9152">Do you want to delete the selected monitoring device?</STRING>
	<STRING ID="9153">You can only add up to 60 of monitoring data.</STRING>
	<STRING ID="9154">Do you want to delete the selected device name and comment?</STRING>
	<STRING ID="9155">The programs of main device(LP) and editor are inconsistent.\nPlease download.</STRING>
	<STRING ID="9156">The programs of main device(LP) and editor are inconsistent.\nPlease download if you want to debug.</STRING>
	<STRING ID="9157">The program of main device and that of editor are inconsistent.\nPlease stop the online editing and then download the program.</STRING>
	<STRING ID="9158">There is no response from the main device. The communication has been disconnected.</STRING>
	<STRING ID="9159">An error has been found in program checking.</STRING>
	<STRING ID="9160">The system can not create a new project.</STRING>
	<STRING ID="9161">The conversion has not been successfuly completed due to an error in uploaded program.</STRING>
	<STRING ID="9162">The system can not activate the project.</STRING>
	<STRING ID="9163">Do you want to activate the new added project?</STRING>
	<STRING ID="9164">You are not able to add a new project.</STRING>
	<STRING ID="9165">The PLC type changing work has been completed.</STRING>
	<STRING ID="9166">An error has been found in preference file information. You are unable to change a type.</STRING>
	<STRING ID="9167">The motion syntax error can not be downloaded.</STRING>
	<STRING ID="9168">LP that do not support the type of motion is '%s' motion command.</STRING>
	<STRING ID="9169">Overlapping of OP2 OP3(%s) in %d channel of HSCNTEX in high-speed counter command.</STRING>
	<STRING ID="9170">Up to 4 HSCNT command can be input from the %d channel of the HSCNT</STRING>
	<STRING ID="9171">It overlaps with input port(parameter setting) and input device (X) in high-speed counter command.</STRING>
	<STRING ID="9172">Channel %d's %s command is already exist.</STRING>

	<!-- ============================================================================ -->
	<!-- STUDIO (GLPSmartUnion.dll) 10000-10999                                       -->
	<!-- ============================================================================ -->


	<!-- ============================================================================ -->
	<!-- STUDIO (GLPUnionDialog.dll) 11000-11999                                      -->
	<!-- ============================================================================ -->

	<!-- // GLPTCChangeDialog -->
	<STRING ID="11000">Device</STRING>
	<STRING ID="11001">Setting value before you changed.</STRING>
	<STRING ID="11002">Setting value after you changed.</STRING>
	<STRING ID="11003">Step</STRING>
	<STRING ID="11004">This device name is incorrect.</STRING>
	<STRING ID="11005">Do you want to change a T/C setting value?</STRING>


	<!-- ============================================================================ -->
	<!-- STUDIO (GLPSmartUnion.dll) 12000-12999                                       -->
	<!-- ============================================================================ -->

	<!-- // GLPChangePLCDialog -->
	<STRING ID="12000">The LP(PLC) preferece information file has not been found.</STRING>
	<STRING ID="12001">Do you want to change a PLC type?</STRING>

	<!-- // GLPColorDialog -->
	<STRING ID="12010">Initialization(White)</STRING>
	<STRING ID="12011">Initialization(Black)</STRING>
	<STRING ID="12012">Renewal</STRING>
	<STRING ID="12013">Help</STRING>

	<!-- // GLPSeriesType -->
	<STRING ID="12020">Error in creating XML CLASS</STRING>
	<STRING ID="12021">Error in Reading XML/GLPLIST.XML file</STRING>
	<STRING ID="12022">XML FILE EMPTY</STRING>

	<!-- // GLPXMLDeviceInfo -->
	<STRING ID="12030">Error in creating XML CLASS</STRING>
	<STRING ID="12031">Error in Reading XML/GLPLIST.XML file</STRING>
	<STRING ID="12032">XML FILE EMPTY</STRING>



	<!-- // FindDialog -->
	<STRING ID="7000">Finding string has not found any more.</STRING>

	<!-- // GLPListCtrl -->
	<STRING ID="7010">You are not able to insert if any of blocks is set.</STRING>

	<!-- // GLPListCtrlEx -->
	<STRING ID="7020">Please execute after you select the location you want to paste.</STRING>
	<STRING ID="7021">The step number %d has been received. Please confirm whether it is consistent with a program or not.</STRING>

	<!-- // GLPNmEditorRungWnd -->
	<STRING ID="7030">Do you want to delete the rung comment?</STRING>

	<!-- // ReplaceDialog -->
	<STRING ID="7040">Finding string has not found any more.</STRING>
	<STRING ID="7041">This device is unable to use.</STRING>
	<STRING ID="7042">Please insert the string you want to find.</STRING>
	<STRING ID="7043">Please input a string to be replaced.</STRING>
	<STRING ID="7044">You have input an incorrect constant value you want to find.</STRING>
	<STRING ID="7045">The constant value to be replaced has not been input correctly.</STRING>

	<!-- // GLPUserFunctionAnal -->
	<STRING ID="7050">The numbers of operand are not correct.</STRING>
	<STRING ID="7051">You have inserted a device name unable to use.</STRING>

	<!-- // GLPLadderAddUserFunctionDialog -->
	<STRING ID="7060">Please insert the user registered function name.</STRING>
	<STRING ID="7061">You have already registered the same name of user defined function.\nDo you want to overwrite this?</STRING>
	<STRING ID="7062">You sould insert at least 3-letter of fuction name if you want to register a user defined fuction.</STRING>
	<STRING ID="7063">The register has not been successfully completed because the operand device has not been selected.</STRING>
	<STRING ID="7064">You are not able to register the same device in operand.</STRING>

	<!-- // GLPLadderAppcmdPropertyDialog -->
	<STRING ID="7070">All</STRING>
	<STRING ID="7071">Basic instructions</STRING>
	<STRING ID="7072">Timer/Count</STRING>
	<STRING ID="7073">Branch instructions</STRING>
	<STRING ID="7074">Comparison instructions</STRING>
	<STRING ID="7075">Transmission instructions</STRING>
	<STRING ID="7076">Arithmetic operation</STRING>
	<STRING ID="7077">Logical operation instructions</STRING>
	<STRING ID="7078">Rotation/Shift instructions</STRING>
	<STRING ID="7079">Conversion instructions</STRING>
	<STRING ID="7080">External IO</STRING>
	<STRING ID="7081">Edit Instruction</STRING>
	<STRING ID="7082">High speed process</STRING>
	<STRING ID="7083">Clock instructions</STRING>
	<STRING ID="7084">Delete all</STRING>
	<STRING ID="7085">Delete</STRING>
	<STRING ID="7086">Registration</STRING>
	<STRING ID="7087">Instruction help</STRING>
	<STRING ID="7088">OK</STRING>
	<STRING ID="7089">Cancel</STRING>
	<STRING ID="7090">The lable currently input has been already registered.</STRING>
	<STRING ID="7091">This instruction has been registered in frequently used instructions.</STRING>
	<STRING ID="7092">Do you really want to delete this in frequently used instructions?</STRING>
	<STRING ID="7093">This instruction has been deleted in frequently used instructions.</STRING>
	<STRING ID="7094">Do you really want to delete  all of the frequently used instructions?</STRING>
	<STRING ID="7095">All have been deleted.</STRING>

	<!-- // GLPLadderUserFuncPropertyDialog -->
	<STRING ID="7100">This device is unable to use.</STRING>
	<STRING ID="7101">Variable</STRING>
	<STRING ID="7102">Device</STRING>
	<STRING ID="7103">Commnet</STRING>

	<!-- // GLPLadderUserFunctionPropertyDialog -->
	<STRING ID="7110">The designated folder does not exist.</STRING>
	<STRING ID="7111">The system can not load this user defined function(LIB).</STRING>

	<!-- // DiagramEditorOnline -->
	<STRING ID="7120"> There is an instruction\nThis instruction step is unable to move the cursor.\nPlease execute a step again in order to move on to the next step.</STRING>
	<STRING ID="7121">The system could not find the step you want.</STRING>
	<STRING ID="7122">There is no contents to print.</STRING>

	<!-- // DiagramEditor -->
	<STRING ID="7200">You are unable to edit rung comment in current location.</STRING>
	<STRING ID="7201">You are unable to contain EDN line.</STRING>

	<!-- // DiagramEditorEdit -->
	<STRING ID="7250">You have exceeded  the maximum ladder edit line.</STRING>
	<STRING ID="7251">This cell is not the ladder cell to edit.</STRING>
	<STRING ID="7252">You have exceeded the maximum ladder edit cell.</STRING>
	<STRING ID="7253">Please select a ladder to edit.</STRING>
	<STRING ID="7254">You are unable to add  in current location.</STRING>
	<STRING ID="7255">You are unable to revise in current location.</STRING>

	<!-- // DiagramEditorEx -->
	<STRING ID="7300">The function/lable are deleted by block. Do you want to delete it?</STRING>
	<STRING ID="7301">The rung error occurrs while the online editing is proceeding.</STRING>
	<STRING ID="7302">You are unable to change  in current location.</STRING>
	<STRING ID="7303">You are unable to delete in current location.</STRING>
	<STRING ID="7304">You are unable to add a line in current location.</STRING>
	<STRING ID="7305">You can not designate the line block.</STRING>

	<!-- // GLPLadderCmtManager -->
	<STRING ID="7350">An error has occured in creating LINE object.</STRING>

	<!-- // DiagramEditorLib -->
	<STRING ID="7400">There is no object to register.</STRING>
	<STRING ID="7401">The system has failed to register a function.</STRING>


	<STRING ID="7500">The input instruction is not correct.</STRING>
	<STRING ID="7501">This step number is not valid.</STRING>
	<STRING ID="7502">The replace has been completed.</STRING>
	<STRING ID="7503">Do you want to stop the replace?</STRING>
	<STRING ID="7504">The system can not find a string to be replaced.</STRING>
	<STRING ID="7505">You are unable to register user defined functions if an asterisk(*) or index register device is used.</STRING>
	<STRING ID="7506">You have already registered the same name of user defined function. Do you want to overwrite this?</STRING>
	<STRING ID="7507">You should register more than one operand.</STRING>
	<STRING ID="7508">The register has not been successfully completed because the operand device has not been selected.</STRING>
	<STRING ID="7509">You have selected the same device twice.</STRING>
	<STRING ID="7510">The system can not register this user defined function</STRING>
	<STRING ID="7511">You should write letters from 3 to 14-digit for function name.</STRING>
	<STRING ID="7512">You should insert any of alphabets for the first letter of function name..\nAvailable letters : alphabet, numbers and 'underscore(_)'</STRING>
	<STRING ID="7513">You are only able to use alphabets, numbers and 'underscore(_)' as a function name.</STRING>
	<STRING ID="7514">You are unable to input the basic instructions.</STRING>
	<STRING ID="7515">This instruction has been registered in frequently used instructions.</STRING>
	<STRING ID="7516">Do you really want to delete this in frequently used instructions?</STRING>
	<STRING ID="7517">This instruction has been deleted in frequently used instructions.</STRING>
	<STRING ID="7518">Do you really want to delete  all of the frequently used instructions?</STRING>
	<STRING ID="7519">All have been deleted.</STRING>
	<STRING ID="7520">This device is unable to use.</STRING>
	<STRING ID="7521">The system can not create a user defined function.</STRING>
	<STRING ID="7522">The system can not add this function name because you are already using it as another label name.</STRING>
	<STRING ID="7523">The designated folder does not exist.</STRING>
	<STRING ID="7524">The system can not load this user defined function(LIB).</STRING>
	<STRING ID="7525">The numbers of operand are not correct.</STRING>
	<STRING ID="7526">You have inserted a device name unable to use.</STRING>
	<STRING ID="7527">The %s  device is unable to change via the %s instruction.</STRING>
	<STRING ID="7528">You have exceeded the maximum range of inputting instruction statement.</STRING>
	<STRING ID="7529">There is no DWORD DEVICE.</STRING>
	<STRING ID="7530">There is a letter unable to use in instruction statement.</STRING>
	<STRING ID="7531">The instruction formula is not correct.</STRING>
	<STRING ID="7532">The conversion has been disconnecting due to an error in uploaded line comment.</STRING>
	<STRING ID="7533">An error has occurred during converting RUNG COMMENT.</STRING>
	<STRING ID="7534">The system has now exiting this conversion, becasue it has found an error in communication data while the label data has been converting.</STRING>
	<STRING ID="7535">The system has now exiting this conversion, becasue it has found an error in communication data while the label data has been converting.</STRING>
	<STRING ID="7536">Do you want to download the online editing contents?</STRING>
	<STRING ID="7537">This file is not a user defined function library's.</STRING>
	<STRING ID="7538">There is no registered instruction.</STRING>
	<STRING ID="7539">There is no selected instruction.</STRING>
	<STRING ID="7540">The instruction has not been input.</STRING>	
	<STRING ID="7541">PDF Reader is not installed.</STRING>
	<STRING ID="7542">There is no command help.</STRING>

</MESSAGE>

