<?xml version="1.0" encoding="UTF-8" ?>

<PARAMETER_DEFINITION>

	<FILTER_TAG_NAME>
		<TAG_INFO CODE="0"	NAME="A0 - A3">	</TAG_INFO>	
		<TAG_INFO CODE="1"	NAME="A4 - A7">	</TAG_INFO>	
		<TAG_INFO CODE="2"	NAME="B0 - B3">	</TAG_INFO>	
		<TAG_INFO CODE="3"	NAME="B4 - B7">	</TAG_INFO>	
		<TAG_INFO CODE="4"	NAME="C0 - C3">	</TAG_INFO>	
		<TAG_INFO CODE="5"	NAME="C4 - C7">	</TAG_INFO>	
		<TAG_INFO CODE="6"	NAME="D0 - D3">	</TAG_INFO>	
		<TAG_INFO CODE="7"	NAME="D4 - D7">	</TAG_INFO>	
	</FILTER_TAG_NAME>

	<FILTER_OPTIONS>
		<TAG_INFO CODE="0"	NAME="0 msec">	</TAG_INFO>	
		<TAG_INFO CODE="1"	NAME="1 msec">	</TAG_INFO>	
		<TAG_INFO CODE="2"	NAME="2 msec">	</TAG_INFO>	
		<TAG_INFO CODE="3"	NAME="5 msec">	</TAG_INFO>	
		<TAG_INFO CODE="4"	NAME="10 msec">	</TAG_INFO>	
		<TAG_INFO CODE="5"	NAME="20 msec">	</TAG_INFO>	
		<TAG_INFO CODE="6"	NAME="50 msec">	</TAG_INFO>	
		<TAG_INFO CODE="7"	NAME="100 msec">	</TAG_INFO>	
	</FILTER_OPTIONS>


	<INTERRUPT_TAG_NAME>
		<TAG_INFO CODE="0"	NAME="X00000">	</TAG_INFO>	
		<TAG_INFO CODE="1"	NAME="X00001">	</TAG_INFO>	
		<TAG_INFO CODE="2"	NAME="X00002">	</TAG_INFO>	
		<TAG_INFO CODE="3"	NAME="X00003">	</TAG_INFO>	
		<TAG_INFO CODE="4"	NAME="X00004">	</TAG_INFO>	
		<TAG_INFO CODE="5"	NAME="X00005">	</TAG_INFO>	
		<TAG_INFO CODE="6"	NAME="X00006">	</TAG_INFO>	
		<TAG_INFO CODE="7"	NAME="X00007">	</TAG_INFO>	
		<TAG_INFO CODE="8"	NAME="X00008">	</TAG_INFO>	
		<TAG_INFO CODE="9"	NAME="X00009">	</TAG_INFO>	
		<TAG_INFO CODE="10"	NAME="X0000A">	</TAG_INFO>	
		<TAG_INFO CODE="11"	NAME="X0000B">	</TAG_INFO>	
		<TAG_INFO CODE="12"	NAME="X0000C">	</TAG_INFO>	
		<TAG_INFO CODE="13"	NAME="X0000D">	</TAG_INFO>	
		<TAG_INFO CODE="14"	NAME="X0000E">	</TAG_INFO>	
		<TAG_INFO CODE="15"	NAME="X0000F">	</TAG_INFO>	
		<TAG_INFO CODE="16"	NAME="X00010">	</TAG_INFO>	
		<TAG_INFO CODE="17"	NAME="X00011">	</TAG_INFO>	
		<TAG_INFO CODE="18"	NAME="X00012">	</TAG_INFO>	
		<TAG_INFO CODE="19"	NAME="X00013">	</TAG_INFO>	
		<TAG_INFO CODE="20"	NAME="X00014">	</TAG_INFO>	
		<TAG_INFO CODE="21"	NAME="X00015">	</TAG_INFO>	
		<TAG_INFO CODE="22"	NAME="X00016">	</TAG_INFO>	
		<TAG_INFO CODE="23"	NAME="X00017">	</TAG_INFO>	
		<TAG_INFO CODE="24"	NAME="X00018">	</TAG_INFO>	
		<TAG_INFO CODE="25"	NAME="X00019">	</TAG_INFO>	
		<TAG_INFO CODE="26"	NAME="X0001A">	</TAG_INFO>	
		<TAG_INFO CODE="27"	NAME="X0001B">	</TAG_INFO>	
		<TAG_INFO CODE="28"	NAME="X0001C">	</TAG_INFO>	
		<TAG_INFO CODE="29"	NAME="X0001D">	</TAG_INFO>	
		<TAG_INFO CODE="30"	NAME="X0001E">	</TAG_INFO>	
		<TAG_INFO CODE="31"	NAME="X0001F">	</TAG_INFO>	
	</INTERRUPT_TAG_NAME>

	<INTERRUPT_OPTIONS>
		<TAG_INFO CODE="0"	NAME="No Int.">	</TAG_INFO>	
		<TAG_INFO CODE="1"	NAME="Rising">	</TAG_INFO>	
		<TAG_INFO CODE="2"	NAME="Falling">	</TAG_INFO>	
	</INTERRUPT_OPTIONS>


	<MATRIX_INREG>
		<TAG_INFO CODE="0"	NAME="X00000 -> X00003">	</TAG_INFO>	
		<TAG_INFO CODE="1"	NAME="X00008 -> X0000B">	</TAG_INFO>	
	</MATRIX_INREG>

	<MATRIX_OUTREG>
		<TAG_INFO CODE="0"	NAME="Y00000 -> Y00003">	</TAG_INFO>	
		<TAG_INFO CODE="1"	NAME="Y00008 -> Y0000B">	</TAG_INFO>	
	</MATRIX_OUTREG>

	<SEVENSEG_OUTREG>
		<TAG_INFO CODE="0"	NAME="Y00000 -> Y00007">	</TAG_INFO>	
		<TAG_INFO CODE="1"	NAME="Y00008 -> Y0000F">	</TAG_INFO>	
	</SEVENSEG_OUTREG>


	<SIO_OUTREG>
		<TAG_INFO CODE="0"	NAME="Y00004 - Y00007">	</TAG_INFO>	
		<TAG_INFO CODE="1"	NAME="Y0000C - Y0000E">	</TAG_INFO>	
	</SIO_OUTREG>

	<SIO_DATABIT>
		<TAG_INFO CODE="0"	NAME="4">	</TAG_INFO>	
		<TAG_INFO CODE="1"	NAME="5">	</TAG_INFO>	
		<TAG_INFO CODE="2"	NAME="6">	</TAG_INFO>	
		<TAG_INFO CODE="3"	NAME="7">	</TAG_INFO>	
	</SIO_DATABIT>

	<SIO_DATACOUNT>
		<TAG_INFO CODE="0"	NAME="4">	</TAG_INFO>	
		<TAG_INFO CODE="1"	NAME="8">	</TAG_INFO>	
		<TAG_INFO CODE="2"	NAME="12">	</TAG_INFO>	
		<TAG_INFO CODE="3"	NAME="16">	</TAG_INFO>	
		<TAG_INFO CODE="4"	NAME="30">	</TAG_INFO>	
	</SIO_DATACOUNT>


	<PULSE_OUTREG>
		<TAG_INFO CODE="0"	NAME="Y00004 - Y00007">	</TAG_INFO>	
		<TAG_INFO CODE="1"	NAME="Y0000C - Y0000E">	</TAG_INFO>	
	</PULSE_OUTREG>


	<ENCODER_INREG>
		<TAG_INFO CODE="0"	NAME="X00004 - X00006">	</TAG_INFO>	
		<TAG_INFO CODE="1"	NAME="X0000C - X0000E">	</TAG_INFO>	
	</ENCODER_INREG>

	<ENCODER_OUTREG>
		<TAG_INFO CODE="0"	NAME="Y00003">	</TAG_INFO>	
		<TAG_INFO CODE="1"	NAME="Y0000B">	</TAG_INFO>	
	</ENCODER_OUTREG>


	<COUNTER_INREG>
		<TAG_INFO CODE="0"	NAME="X00007">	</TAG_INFO>	
		<TAG_INFO CODE="1"	NAME="X0000F">	</TAG_INFO>	
	</COUNTER_INREG>


	<PATTERN_OUTREG>
		<TAG_INFO CODE="0"	NAME="Y00004 - Y00007">	</TAG_INFO>	
		<TAG_INFO CODE="1"	NAME="Y0000C - Y0000F">	</TAG_INFO>	
	</PATTERN_OUTREG>


</PARAMETER_DEFINITION>
