<?xml version="1.0" encoding="UTF-8" ?>

<APP_COMMANDS>

	<APPCMD id="0010"		name="LOAD"> </APPCMD>
	<APPCMD id="0011"		name="LOADN"> </APPCMD>
	<APPCMD id="0012"		name="LOADP"> </APPCMD>
	<APPCMD id="0013"		name="LOADF"> </APPCMD>
	
	<APPCMD id="0020" 	name="AND"> </APPCMD>
	<APPCMD id="0021"		name="ANDN"> </APPCMD>
	<APPCMD id="0022" 	name="ANDP"> </APPCMD>
	<APPCMD id="0023" 	name="ANDF"> </APPCMD>
	<APPCMD id="0024" 	name="ANDL"> </APPCMD>
	
	<APPCMD id="0030" 	name="OR"> </APPCMD>
	<APPCMD id="0031" 	name="ORN"> </APPCMD>
	<APPCMD id="0032" 	name="ORP"> </APPCMD>
	<APPCMD id="0033" 	name="ORF"> </APPCMD>
	<APPCMD id="0034" 	name="ORL"> </APPCMD>
	
	<APPCMD id="0040" 	name="OUT"> </APPCMD>
	<APPCMD id="0041" 	name="OUTP"> </APPCMD>
	<APPCMD id="0042" 	name="OUTF"> </APPCMD>
	<APPCMD id="0043" 	name="SET"> </APPCMD>
	<APPCMD id="0044" 	name="RST"> </APPCMD>
	
	<APPCMD id="0045" 	name="ALT"> </APPCMD>
	
	<APPCMD id="0A07" 	name="MPUSH"> </APPCMD>
	<APPCMD id="0A08" 	name="MLOAD"> </APPCMD>
	<APPCMD id="0A09"		name="MPOP"> </APPCMD>
	<APPCMD id="0A0A"		name="WDT"> </APPCMD>
	<APPCMD id="0A06" 	name="NOT"> </APPCMD>
	<APPCMD id="0000" 	name="NOP"> </APPCMD>
	<APPCMD id="FFFF" 	name="END"> </APPCMD>
	
	<APPCMD id="0880" 	name="TON"> </APPCMD>
	<APPCMD id="0881" 	name="TOFF"> </APPCMD>
	<APPCMD id="0882" 	name="TMR"> </APPCMD>
	<APPCMD id="0883" 	name="TMON"> </APPCMD>
	<APPCMD id="0884" 	name="TRTG"> </APPCMD>
	
	<APPCMD id="0800" 	name="CTU"> </APPCMD>
	<APPCMD id="0801" 	name="CTD"> </APPCMD>
	<APPCMD id="0802" 	name="CTUD"> </APPCMD>
	<APPCMD id="0803" 	name="CTR"> </APPCMD>
	
	<APPCMD id="0940" 	name="MCS"> </APPCMD>
	<APPCMD id="0941" 	name="MCR"> </APPCMD>
	<APPCMD id="0900" 	name="JMP"> </APPCMD>
	<APPCMD id="0901" 	name="LABEL"> </APPCMD>
	<APPCMD id="0902" 	name="CALL"> </APPCMD>
	<APPCMD id="0903" 	name="SUBRT"> </APPCMD>
	
	<APPCMD id="0904" 	name="FCALL"> </APPCMD>
	<APPCMD id="0905" 	name="FUNC"> </APPCMD>
	<APPCMD id="0906" 	name="RET"> </APPCMD>
	<APPCMD id="0920" 	name="FOR"> </APPCMD>
	<APPCMD id="0921" 	name="NEXT"> </APPCMD>
	<APPCMD id="0922" 	name="BREAK"> </APPCMD>
	
	<APPCMD id="0960" 	name="EI"> </APPCMD>
	<APPCMD id="0961" 	name="DI"> </APPCMD>
	
	<APPCMD id="0962" 	name="ETI"> </APPCMD>
	<APPCMD id="0963" 	name="EEI"> </APPCMD>
	<APPCMD id="0964" 	name="DTI"> </APPCMD>
	<APPCMD id="0965" 	name="DEI"> </APPCMD>
	<APPCMD id="0966" 	name="TINT"> </APPCMD>
	<APPCMD id="0967" 	name="DINT"> </APPCMD>
	<APPCMD id="0968" 	name="IRET"> </APPCMD>	
	
	<APPCMD id="1030" 	name="LOAD"> </APPCMD>
	<APPCMD id="1031" 	name="LOAD"> </APPCMD>
	<APPCMD id="1032" 	name="LOAD"> </APPCMD>
	<APPCMD id="1033" 	name="LOAD"> </APPCMD>
	<APPCMD id="1034" 	name="LOAD"> </APPCMD>
	<APPCMD id="1035" 	name="LOAD"> </APPCMD>
	<APPCMD id="1040" 	name="DLOAD"> </APPCMD>
	<APPCMD id="1041" 	name="DLOAD"> </APPCMD>
	<APPCMD id="1042" 	name="DLOAD"> </APPCMD>
	<APPCMD id="1043" 	name="DLOAD"> </APPCMD>
	<APPCMD id="1044" 	name="DLOAD"> </APPCMD>
	<APPCMD id="1045" 	name="DLOAD"> </APPCMD>
	
	<APPCMD id="1130" 	name="AND"> </APPCMD>
	<APPCMD id="1131" 	name="AND"> </APPCMD>
	<APPCMD id="1132" 	name="AND"> </APPCMD>
	<APPCMD id="1133" 	name="AND"> </APPCMD>
	<APPCMD id="1134" 	name="AND"> </APPCMD>
	<APPCMD id="1135" 	name="AND"> </APPCMD>
	<APPCMD id="1140" 	name="DAND"> </APPCMD>
	<APPCMD id="1141" 	name="DAND"> </APPCMD>
	<APPCMD id="1142" 	name="DAND"> </APPCMD>
	<APPCMD id="1143" 	name="DAND"> </APPCMD>
	<APPCMD id="1144" 	name="DAND"> </APPCMD>
	<APPCMD id="1145" 	name="DAND"> </APPCMD>
	
	<APPCMD id="1230" 	name="OR"> </APPCMD>
	<APPCMD id="1231" 	name="OR"> </APPCMD>
	<APPCMD id="1232" 	name="OR"> </APPCMD>
	<APPCMD id="1233" 	name="OR"> </APPCMD>
	<APPCMD id="1234" 	name="OR"> </APPCMD>
	<APPCMD id="1235" 	name="OR"> </APPCMD>
	<APPCMD id="1240" 	name="DOR"> </APPCMD>
	<APPCMD id="1241" 	name="DOR"> </APPCMD>
	<APPCMD id="1242" 	name="DOR"> </APPCMD>
	<APPCMD id="1243" 	name="DOR"> </APPCMD>
	<APPCMD id="1244" 	name="DOR"> </APPCMD>
	<APPCMD id="1245" 	name="DOR"> </APPCMD>
	
	<APPCMD id="1803" 	name="CMP"> </APPCMD>
	<APPCMD id="1804" 	name="DCMP"> </APPCMD>
	<APPCMD id="1805" 	name="ACMP"> </APPCMD>
	
	<APPCMD id="1813" 	name="CMPL"> </APPCMD>
	<APPCMD id="1814" 	name="DCMPL"> </APPCMD>

	<APPCMD id="1C03" 	name="BWCMP"> </APPCMD>
	<APPCMD id="1C04" 	name="DBWCMP"> </APPCMD>
			
	<APPCMD id="2000" 	name="BMOV"> </APPCMD>
	<APPCMD id="2003" 	name="MOV"> </APPCMD>
	<APPCMD id="2004" 	name="DMOV"> </APPCMD>
	
	<APPCMD id="2010" 	name="BMOVL"> </APPCMD>
	<APPCMD id="2013" 	name="MOVL"> </APPCMD>
	<APPCMD id="2014" 	name="DMOVL"> </APPCMD>
	
	<APPCMD id="2020" 	name="BMOVG"> </APPCMD>
	<APPCMD id="2023" 	name="MOVG"> </APPCMD>
	<APPCMD id="2024" 	name="DMOVG"> </APPCMD>

	<APPCMD id="2100" 	name="BCMOV"> </APPCMD>
	<APPCMD id="2103" 	name="CMOV"> </APPCMD>
	<APPCMD id="2104" 	name="DCMOV"> </APPCMD>

	<APPCMD id="2303" 	name="XCH"> </APPCMD>
	<APPCMD id="2304" 	name="DXCH"> </APPCMD>
	<APPCMD id="2305" 	name="AXCH"> </APPCMD>

	<APPCMD id="2403" 	name="SWAP"> </APPCMD>
	<APPCMD id="2404" 	name="DSWAP"> </APPCMD>
	
	<APPCMD id="2603" 	name="ROR"> </APPCMD>
	<APPCMD id="2604" 	name="DROR"> </APPCMD>
	<APPCMD id="2605" 	name="AROR"> </APPCMD>	
				
	<APPCMD id="260B" 	name="RORC"> </APPCMD>
	<APPCMD id="260C" 	name="DRORC"> </APPCMD>
	<APPCMD id="260D" 	name="ARORC"> </APPCMD>
				
	<APPCMD id="2703" 	name="ROL"> </APPCMD>
	<APPCMD id="2704" 	name="DROL"> </APPCMD>
	<APPCMD id="2705" 	name="AROL"> </APPCMD>	

	<APPCMD id="270B" 	name="ROLC"> </APPCMD>
	<APPCMD id="270C" 	name="DROLC"> </APPCMD>
	<APPCMD id="270D" 	name="AROLC"> </APPCMD>

	<APPCMD id="2903" 	name="SFTR"> </APPCMD>
	<APPCMD id="2905" 	name="ASFTR"> </APPCMD>
	
	<APPCMD id="2A03" 	name="SFTL"> </APPCMD>
	<APPCMD id="2A05" 	name="ASFTL"> </APPCMD>
	
	<APPCMD id="2B00" 	name="WSFTR"> </APPCMD>
	<APPCMD id="2C00" 	name="WSFTL"> </APPCMD>		

	<APPCMD id="3003" 	name="ADD"> </APPCMD>
	<APPCMD id="3004" 	name="DADD"> </APPCMD>
	<APPCMD id="300A" 	name="ADDU"> </APPCMD>
	<APPCMD id="300B" 	name="DADDU"> </APPCMD>
		
	<APPCMD id="3013" 	name="ADDL"> </APPCMD>
	<APPCMD id="3014" 	name="DADDL"> </APPCMD>
	<APPCMD id="301A" 	name="ADDLU"> </APPCMD>
	<APPCMD id="301B" 	name="DADDLU"> </APPCMD>
	
	<APPCMD id="3103" 	name="SUB"> </APPCMD>
	<APPCMD id="3104" 	name="DSUB"> </APPCMD>
	<APPCMD id="310A" 	name="SUBU"> </APPCMD>
	<APPCMD id="310B" 	name="DSUBU"> </APPCMD>
	
	<APPCMD id="3113" 	name="SUBL"> </APPCMD>
	<APPCMD id="3114" 	name="DSUBL"> </APPCMD>
	<APPCMD id="311A" 	name="SUBLU"> </APPCMD>
	<APPCMD id="311B" 	name="DSUBLU"> </APPCMD>

	<APPCMD id="3203" 	name="MUL"> </APPCMD>
	<APPCMD id="3204" 	name="DMUL"> </APPCMD>
	<APPCMD id="320A" 	name="MULU"> </APPCMD>
	<APPCMD id="320B" 	name="DMULU	"> </APPCMD>
	
	<APPCMD id="3213" 	name="MULL"> </APPCMD>
	<APPCMD id="3214" 	name="DMULL"> </APPCMD>
	<APPCMD id="321A" 	name="MULLU"> </APPCMD>
	<APPCMD id="321B" 	name="DMULLU"> </APPCMD>

	<APPCMD id="3303" 	name="DIV"> </APPCMD>
	<APPCMD id="3304" 	name="DDIV"> </APPCMD>
	<APPCMD id="330A" 	name="DIVU"> </APPCMD>
	<APPCMD id="330B" 	name="DDIVU"> </APPCMD>
	
	<APPCMD id="3313" 	name="DIVL"> </APPCMD>
	<APPCMD id="3314" 	name="DDIVL"> </APPCMD>
	<APPCMD id="331A" 	name="DIVLU"> </APPCMD>
	<APPCMD id="331B" 	name="DDIVLU"> </APPCMD>

	<APPCMD id="3403" 	name="INC"> </APPCMD>
	<APPCMD id="3404" 	name="DINC"> </APPCMD>
	
	<APPCMD id="3503" 	name="DEC"> </APPCMD>
	<APPCMD id="3504" 	name="DDEC"> </APPCMD>
	
	<APPCMD id="3803" 	name="ADDB"> </APPCMD>
	<APPCMD id="3804" 	name="DADDB"> </APPCMD>
	<APPCMD id="3813" 	name="ADDBL"> </APPCMD>
	<APPCMD id="3814" 	name="DADDBL"> </APPCMD>
	
	<APPCMD id="3903" 	name="SUBB"> </APPCMD>
	<APPCMD id="3904" 	name="DSUBB"> </APPCMD>
	<APPCMD id="3913" 	name="SUBBL"> </APPCMD>
	<APPCMD id="3914" 	name="DSUBBL"> </APPCMD>

	<APPCMD id="3A03" 	name="MULB"> </APPCMD>
	<APPCMD id="3A04" 	name="DMULB"> </APPCMD>
	<APPCMD id="3A13" 	name="MULBL"> </APPCMD>
	<APPCMD id="3A14" 	name="DMULBL"> </APPCMD>

	<APPCMD id="3B03" 	name="DIVB"> </APPCMD>
	<APPCMD id="3B04" 	name="DDIVB"> </APPCMD>
	<APPCMD id="3B13" 	name="DIVBL"> </APPCMD>
	<APPCMD id="3B14" 	name="DDIVBL"> </APPCMD>

	<APPCMD id="3C03" 	name="INCB"> </APPCMD>
	<APPCMD id="3C04" 	name="DINCB"> </APPCMD>	
	
	<APPCMD id="3D03" 	name="DECB"> </APPCMD>
	<APPCMD id="3D04" 	name="DDECB"> </APPCMD>
	
	<APPCMD id="4003" 	name="WAND"> </APPCMD>
	<APPCMD id="4004" 	name="DAND"> </APPCMD>
	<APPCMD id="4005" 	name="AAND"> </APPCMD>
	
	<APPCMD id="4013" 	name="WANDL"> </APPCMD>
	<APPCMD id="4014" 	name="DANDL"> </APPCMD>

	<APPCMD id="4103" 	name="WOR"> </APPCMD>
	<APPCMD id="4104" 	name="DOR"> </APPCMD>
	<APPCMD id="4105" 	name="AOR"> </APPCMD>
	
	<APPCMD id="4113" 	name="WORL"> </APPCMD>
	<APPCMD id="4114" 	name="DORL"> </APPCMD>
	
	<APPCMD id="4203" 	name="XOR"> </APPCMD>
	<APPCMD id="4204" 	name="DXOR"> </APPCMD>
	<APPCMD id="4205" 	name="AXOR"> </APPCMD>
	
	<APPCMD id="4213" 	name="XORL"> </APPCMD>
	<APPCMD id="4214" 	name="DXORL"> </APPCMD>
	
	<APPCMD id="4303" 	name="XNR"> </APPCMD>
	<APPCMD id="4304" 	name="DXNR"> </APPCMD>
	<APPCMD id="4305" 	name="AXNR"> </APPCMD>
	
	<APPCMD id="4313" 	name="XNRL"> </APPCMD>
	<APPCMD id="4314" 	name="DXNRL"> </APPCMD>
	
	<APPCMD id="5000" 	name="BIN2BCD"> </APPCMD>
	<APPCMD id="5001" 	name="DBIN2BCD"> </APPCMD>
	<APPCMD id="5002" 	name="BCD2BIN"> </APPCMD>
	<APPCMD id="5003" 	name="DBCD2BIN"> </APPCMD>
	<APPCMD id="5004" 	name="BIN2HASC"> </APPCMD>
	<APPCMD id="5005" 	name="DBIN2HASC"> </APPCMD>
	<APPCMD id="5006" 	name="HASC2BIN"> </APPCMD>
	<APPCMD id="5007" 	name="DHASC2BIN"> </APPCMD>
	<APPCMD id="5008" 	name="BCD2DASC"> </APPCMD>
	<APPCMD id="5009" 	name="DBCD2DASC"> </APPCMD>
	<APPCMD id="500A" 	name="DASC2BIN"> </APPCMD>
	<APPCMD id="500B" 	name="DDASC2BIN"> </APPCMD>
	<APPCMD id="500C" 	name="STR2ASC"> </APPCMD>
	<APPCMD id="500D" 	name="DASC2BCD"> </APPCMD>
	<APPCMD id="500E" 	name="DDASC2BCD"> </APPCMD>	
	<APPCMD id="500F" 	name="BIN2DASC"> </APPCMD>	
	<APPCMD id="5010" 	name="DBIN2DASC"> </APPCMD>			
	
	<APPCMD id="5200" 	name="GRY2BIN"> </APPCMD>
	<APPCMD id="5201" 	name="DGRY2BIN"> </APPCMD>
	<APPCMD id="5208" 	name="BIN2GRY"> </APPCMD>
	<APPCMD id="5209" 	name="DBIN2GRY"> </APPCMD>
	
	<APPCMD id="5303" 	name="NEG"> </APPCMD>
	<APPCMD id="5304" 	name="DNEG"> </APPCMD>
	
	<APPCMD id="5800" 	name="DECO"> </APPCMD>
	<APPCMD id="5801" 	name="ENCO"> </APPCMD>
	<APPCMD id="580A" 	name="EXT"> </APPCMD>	
		
	<APPCMD id="5840" 	name="REF"> </APPCMD>
	
	<APPCMD id="5860" 	name="SEG"> </APPCMD>
	
	<APPCMD id="6000" 	name="TCMP"> </APPCMD>
	<APPCMD id="6006" 	name="TZCP"> </APPCMD>
	<APPCMD id="6001" 	name="TADD"> </APPCMD>
	<APPCMD id="6002" 	name="TSUB"> </APPCMD>
	<APPCMD id="6003" 	name="TRD"> </APPCMD>
	<APPCMD id="6004" 	name="TWR"> </APPCMD>
	<APPCMD id="6005" 	name="HOUR"> </APPCMD>

</APP_COMMANDS>
