<?xml version="1.0" encoding="UTF-8" ?>

<PARAMETER_DEFINITION>

	<MODULE_DATABASE>

		<MODULE_INFO CODE="05"	NAME="IN16/OUT16" >		</MODULE_INFO>
	</MODULE_DATABASE>



	<VERSION_DATABASE>

		<VER_INFO	MODULE_CODE="05"	VER="0003"	NAME="TYPE A"	DLG_FLAG="001F"	XML="TB000100.XML">	</VER_INFO>
	</VERSION_DATABASE>


	<RATCH_DEVICE_RANGE_SETTING>
		<TAG_INFO CODE="C0"	TITLE="D" S_ADDR="1000" E_ADDR="9999">	</TAG_INFO>	
		<TAG_INFO CODE="88"	TITLE="M" S_ADDR="1000" E_ADDR="9999">	</TAG_INFO>	
		<TAG_INFO CODE="A0"	TITLE="T" S_ADDR="128" 	E_ADDR="255">	</TAG_INFO>	
		<TAG_INFO CODE="B0"	TITLE="C" S_ADDR="128" 	E_ADDR="255">	</TAG_INFO>	
		<TAG_INFO CODE="90"	TITLE="S" S_ADDR="128" 	E_ADDR="255">	</TAG_INFO>	
		<TAG_INFO CODE="C2"	TITLE="R" S_ADDR="0" 	E_ADDR="3999">	</TAG_INFO>	
		<TAG_INFO CODE="98"	TITLE="L" S_ADDR="500" 	E_ADDR="999">	</TAG_INFO>	
	</RATCH_DEVICE_RANGE_SETTING>


	<DEFAULT_FILTER_SETTING>
		<TAG_INFO CODE="0"	NAME="0 msec">	</TAG_INFO>	
		<TAG_INFO CODE="1"	NAME="1 msec">	</TAG_INFO>	
		<TAG_INFO CODE="2"	NAME="2 msec">	</TAG_INFO>	
		<TAG_INFO CODE="3"	NAME="3 msec">	</TAG_INFO>	
		<TAG_INFO CODE="4"	NAME="4 msec">	</TAG_INFO>	
		<TAG_INFO CODE="5"	NAME="5 msec">	</TAG_INFO>							
		<TAG_INFO CODE="6"	NAME="6 msec">	</TAG_INFO>	
		<TAG_INFO CODE="7"	NAME="7 msec">	</TAG_INFO>	
		<TAG_INFO CODE="8"	NAME="8 msec">	</TAG_INFO>	
		<TAG_INFO CODE="9"	NAME="9 msec">	</TAG_INFO>							
		<TAG_INFO CODE="A"	NAME="10 msec">	</TAG_INFO>	
		<TAG_INFO CODE="B"	NAME="15 msec">	</TAG_INFO>	
		<TAG_INFO CODE="C"	NAME="20 msec">	</TAG_INFO>	
	</DEFAULT_FILTER_SETTING>


</PARAMETER_DEFINITION>
